{"cameraMode":{"drawMode":0,"name":"Shaded","section":"Shading Mode"},"sceneLighting":false,"audioPlay":false,"sceneViewState":{"m_AlwaysRefresh":false,"showFog":true,"showSkybox":false,"showFlares":true,"showImageEffects":true,"showParticleSystems":true,"showVisualEffectGraphs":true,"m_FxEnabled":true},"in2DMode":false,"pivot":{"x":0.05433055758476257,"y":4.537035942077637,"z":-0.35738134384155276},"rotation":{"x":-0.31579822301864626,"y":-0.05745408684015274,"z":0.019161788746714593,"w":-0.946892261505127},"size":3.6273951530456545,"orthographic":false}