{"cameraMode":{"drawMode":0,"name":"Shaded","section":"Shading Mode"},"sceneLighting":true,"audioPlay":false,"sceneViewState":{"m_AlwaysRefresh":false,"showFog":true,"showSkybox":true,"showFlares":true,"showImageEffects":true,"showParticleSystems":true,"showVisualEffectGraphs":true,"m_FxEnabled":false},"in2DMode":false,"pivot":{"x":1.0222578048706055,"y":0.910585880279541,"z":26.832382202148439},"rotation":{"x":0.014926286414265633,"y":-0.09882761538028717,"z":0.0014833901077508927,"w":0.9949967265129089},"size":24.21087074279785,"orthographic":false}