{"cameraMode":{"drawMode":0,"name":"Shaded","section":"Shading Mode"},"sceneLighting":true,"audioPlay":false,"sceneViewState":{"m_AlwaysRefresh":false,"showFog":true,"showSkybox":true,"showFlares":true,"showImageEffects":true,"showParticleSystems":true,"showVisualEffectGraphs":true,"m_FxEnabled":false},"in2DMode":false,"pivot":{"x":-20.61777114868164,"y":-0.8563394546508789,"z":0.6743278503417969},"rotation":{"x":0.10972641408443451,"y":-0.21005716919898988,"z":0.023731712251901628,"w":0.9712256789207459},"size":22.762617111206056,"orthographic":false}